Labels,Stats
LLC-hits,"[116010443.0, 110497437.0, 107576492.0, 114870975.0, 107813100.0, 109486517.0, 113493691.0, 104452707.0, 110267350.0, 108227139.0, 110425284.0, 107626495.0, 106951509.0, 105185476.0, 119324394.0, 108145284.0, 121143701.0, 118915195.0, 113564181.0, 109656753.0, 106628370.0, 122976330.0, 108364248.0, 106006460.0, 112182570.0, 110443827.0]"
LLC-misses,"[33880226.0, 32674425.0, 29156195.0, 33973287.0, 29505505.0, 28803275.0, 29976569.0, 24894749.0, 25485625.0, 27273659.0, 28675122.0, 25200586.0, 24871888.0, 25475396.0, 35863248.0, 29398805.0, 39367096.0, 31608651.0, 30080165.0, 28774671.0, 25615269.0, 33538586.0, 25344173.0, 24205807.0, 31355214.0, 29046828.0]"
time,"[35.579518488, 33.973122268, 35.801166378, 36.087923074, 35.357400559, 32.92328321, 35.558127958, 33.325898237, 34.886031164, 33.368142989, 34.014789849, 32.311047964, 34.339294012, 35.75161647, 37.734840822, 33.254425436, 36.837234055, 35.786447007, 36.258308326, 34.505945298, 35.663261997, 35.477654594, 32.803005517, 35.270082875, 35.622047921, 35.410189974]"
