Labels,Stats
LLC-hits,"[115344797.0, 120009037.0]"
LLC-misses,"[34697438.0, 33810437.0]"
time,"[48.871229785, 47.416527362]"
