Labels,Stats
LLC-hits,"[118918584.0, 111227525.0]"
LLC-misses,"[34316766.0, 27912142.0]"
time,"[50.920710177, 48.336537995]"
