Labels,Stats
LLC-hits,"[105242531.0, 107629893.0]"
LLC-misses,"[27852328.0, 28075078.0]"
time,"[30.557179081, 30.1476705]"
