Labels,Stats
LLC-hits,"[156957464.0, 140806727.0, 133521786.0]"
LLC-misses,"[43610025.0, 36904020.0, 35227758.0]"
time,"[329.762057829, 280.109564974, 179.798550999]"
