Labels,Stats
LLC-hits,"[119606935.0, 109000821.0, 111134245.0, 109736864.0, 111380763.0, 105877960.0, 113974027.0, 106265532.0, 110956384.0]"
LLC-misses,"[38568415.0, 29963260.0, 32593737.0, 34299277.0, 31370811.0, 25650573.0, 26027422.0, 25893205.0, 28953228.0]"
time,"[38.842507562, 36.994418377, 34.381354352, 34.895426637, 34.589349511, 32.767023694, 33.82301127, 32.12592102, 35.6819731]"
