Labels,Stats
LLC-hits,"[109225659.0, 121239930.0, 116109619.0, 110922024.0, 122974501.0, 112610138.0, 112071920.0, 111511952.0, 114849543.0]"
LLC-misses,"[30831177.0, 37692009.0, 38425702.0, 29294383.0, 32942285.0, 29683657.0, 30776599.0, 33043464.0, 32094264.0]"
time,"[36.600235068, 37.008163461, 34.781509894, 35.784866671, 34.393393642, 32.409346168, 36.937877947, 32.644933893, 32.400450864]"
