Labels,Stats
LLC-hits,"[151854399.0, 137141451.0, 129963053.0]"
LLC-misses,"[40680702.0, 37050221.0, 36295228.0]"
time,"[548.806137947, 290.8739017, 300.830761726]"
