Labels,Stats
LLC-hits,"[105876780.0, 106118528.0]"
LLC-misses,"[28138515.0, 26424790.0]"
time,"[41.604698731, 37.496287652]"
