Labels,Stats
LLC-hits,"[115306744.0, 114593461.0]"
LLC-misses,"[30588742.0, 27704139.0]"
time,"[45.228174758, 43.191155424]"
