Labels,Stats
LLC-hits,"[165677926.0, 117060050.0]"
LLC-misses,"[59398652.0, 29743593.0]"
time,"[1098.498443454, 82.085944061]"
