Labels,Stats
LLC-hits,"[117508908.0, 111747063.0, 107044975.0, 108670349.0, 101626170.0, 111391602.0, 107623558.0, 98504882.0, 105703005.0]"
LLC-misses,"[41353608.0, 36299493.0, 29433915.0, 34078060.0, 25268076.0, 32701990.0, 28266247.0, 24827629.0, 27022847.0]"
time,"[38.845793674, 33.492866092, 35.306277772, 35.374117786, 30.795459529, 33.166096592, 34.059645596, 30.886810706, 33.124252491]"
